{
  "catboost": {
    "iterations": 449,
    "depth": 9,
    "learning_rate": 0.07452489162580808,
    "l2_leaf_reg": 9.624071790339087,
    "task_type": "CPU"
  },
  "lightgbm": {
    "learning_rate": 0.1656477472261641,
    "num_leaves": 112,
    "max_depth": 15,
    "min_child_samples": 13,
    "subsample": 0.5848078151470397,
    "colsample_bytree": 0.7191904741720603
  },
  "xgboost": {
    "learning_rate": 0.06407845536188769,
    "max_depth": 10,
    "subsample": 0.6367951683747665,
    "colsample_bytree": 0.9069731639862751,
    "n_estimators": 186
  },
  "tabnet": {
    "optimizer_fn": "adam",
    "n_d": 8,
    "n_a": 32,
    "n_steps": 3,
    "gamma": 1.1,
    "lambda_sparse": 0.00019251047365347084,
    "lr": 0.0012922815951897887,
    "momentum": 0.23165072255889047
  }
}